id,first_name,last_name,email,gender,ip_address
1,Mickey,Soppit,msoppit0@theatlantic.com,Male,57.73.205.62
2,Devora,Muckleston,dmuckleston1@stanford.edu,Female,218.253.199.45
3,Tatiania,Dincey,tdincey2@economist.com,Female,235.224.121.148
4,Vikky,Wrinch,vwrinch3@w3.org,Female,70.106.242.235
5,Helyn,Binden,hbinden4@naver.com,Female,49.188.124.209
6,Konstantin,Pulhoster,kpulhoster5@delicious.com,Male,98.245.69.25
7,Cleo,Bockman,cbockman6@devhub.com,Female,213.160.77.29
8,Raddie,Margett,"Rmarg,ett7@washingtonpost.com",Male,222.137.30.227
9,Ilse,Shephard,ishephard8@technorati.com,Female,226.134.233.192
10,George,Joules,gjoules9@vistaprint.com,Female,164.148.212.57
11,Aeriell,Lincoln,alincolna@sina.com.cn,Female,31.170.42.65
12,Decca,Geockle,dgeockleb@ibm.com,Male,43.82.81.22
13,Dolores,Balcers,dbalcersc@yale.edu,Female,61.65.63.125
14,Therese,Windsor,twindsord@howstuffworks.com,Female,131.242.18.57
15,Bord,Jakubovits,bjakubovitse@boston.com,Male,178.72.205.123
16,Giulio,McCorrie,gmccorrief@pagesperso-orange.fr,Male,53.8.231.88
17,Ginni,Faire,gfaireg@delicious.com,Female,39.34.220.246
18,Bert,De Pero,bdeperoh@canalblog.com,Male,39.103.99.7
19,Randy,Wrightham,rwrighthami@cnn.com,Male,112.50.93.111
20,Vito,Debney,vdebneyj@state.gov,Male,254.230.25.128
21,Marcille,Yellep,myellepk@mail.ru,Female,175.120.155.222
22,Zea,Girardetti,zgirardettil@google.cn,Female,247.74.254.76
23,Ryley,Youdell,ryoudellm@dagondesign.com,Male,42.135.4.74
24,Tarrance,Cowherd,tcowherdn@barnesandnoble.com,Male,51.189.140.42
25,Nanine,Sidry,nsidryo@hibu.com,Female,199.47.146.54
26,Saudra,Zammitt,szammittp@noaa.gov,Female,212.15.138.194
27,Pooh,Matteris,pmatterisq@slashdot.org,Male,187.153.60.225
28,Myrtice,Gibb,mgibbr@is.gd,Female,171.192.170.238
29,Eda,Ryder,eryders@slashdot.org,Female,138.201.244.40
30,Teressa,Ferdinand,tferdinandt@yahoo.co.jp,Female,86.228.38.129
31,Chiquita,Amiranda,camirandau@ehow.com,Female,15.247.237.166
32,Claudette,Bunton,cbuntonv@canalblog.com,Female,186.171.35.126
33,Edd,Philipp,ephilippw@woothemes.com,Male,135.69.38.171
34,Simeon,Smart,ssmartx@drupal.org,Male,242.126.142.158
35,Pancho,Becker,pbeckery@microsoft.com,Male,88.137.243.67
36,Bartholomeo,Denne,bdennez@house.gov,Male,113.62.233.237
37,Amabelle,Trundell,atrundell10@ustream.tv,Female,160.223.180.182
38,Juliette,Pow,jpow11@cpanel.net,Female,203.173.95.54
39,Gay,Savatier,gsavatier12@bigcartel.com,Female,139.9.207.164
40,Marjory,Leipold,mleipold13@godaddy.com,Female,217.215.67.68
41,Logan,Falconar,lfalconar14@nytimes.com,Male,241.208.165.203
42,Sammie,Commusso,scommusso15@sourceforge.net,Male,140.223.27.253
43,Bentlee,Cicullo,bcicullo16@seattletimes.com,Male,36.122.184.20
44,Hussein,Godney,hgodney17@geocities.com,Male,10.87.218.174
45,Tarah,Blinckhorne,tblinckhorne18@surveymonkey.com,Female,202.193.112.208
46,Penny,Coverly,pcoverly19@nba.com,Male,105.13.62.209
47,Hephzibah,Mulholland,hmulholland1a@blog.com,Female,121.31.180.228
48,Editha,Colton,ecolton1b@patch.com,Female,191.220.50.109
49,Colly,Malkinson,cmalkinson1c@apache.org,Female,189.123.208.243
50,Fern,Grishakin,fgrishakin1d@kickstarter.com,Female,14.126.212.120
51,Tomaso,Fairhead,tfairhead1e@ezinearticles.com,Male,169.241.161.244
52,Haze,Smallsman,hsmallsman1f@buzzfeed.com,Male,10.98.36.137
53,Turner,Cronkshaw,tcronkshaw1g@yandex.ru,Male,143.160.231.228
54,Nicolis,Purslow,npurslow1h@europa.eu,Male,74.86.3.187
55,Ros,Rebert,rrebert1i@kickstarter.com,Female,254.203.98.95
56,Hillard,McLardie,hmclardie1j@opera.com,Male,93.156.85.59
57,Caresa,Blundin,cblundin1k@china.com.cn,Female,130.0.11.148
58,Janos,Beverstock,jbeverstock1l@xrea.com,Male,37.25.142.109
59,Hildy,Vreede,hvreede1m@miibeian.gov.cn,Female,80.189.13.209
60,De witt,Varnham,dvarnham1n@earthlink.net,Male,100.116.125.182
61,Thain,Krystek,tkrystek1o@state.tx.us,Male,200.14.249.10
62,Colin,Luard,cluard1p@nbcnews.com,Male,7.105.140.65
63,Welby,Retchless,wretchless1q@typepad.com,Male,254.76.8.213
64,Courtnay,Wanderschek,cwanderschek1r@phoca.cz,Female,185.58.170.178
65,Coral,McGowran,cmcgowran1s@yahoo.com,Female,96.134.56.243
66,Allan,Gascoine,agascoine1t@wunderground.com,Male,166.228.153.37
67,Garik,Cufflin,gcufflin1u@miibeian.gov.cn,Male,11.210.136.121
68,Alleyn,Angric,aangric1v@paginegialle.it,Male,149.176.119.190
69,Ebonee,Matessian,ematessian1w@auda.org.au,Female,211.64.173.180
70,Orrin,Whitmore,owhitmore1x@bloomberg.com,Male,155.8.150.244
71,Nollie,Banbrook,nbanbrook1y@cnbc.com,Female,131.142.202.210
72,Malinda,Blackbourn,mblackbourn1z@state.gov,Female,212.13.155.83
73,Jarrod,Arndt,jarndt20@ocn.ne.jp,Male,217.57.177.182
74,Kalindi,Selkirk,kselkirk21@archive.org,Female,195.44.77.134
75,Roman,Stadden,rstadden22@oracle.com,Male,172.223.249.27
76,Arlan,Timewell,atimewell23@npr.org,Male,41.26.113.148
77,Lynne,Limerick,llimerick24@statcounter.com,Female,114.157.181.78
78,Camala,Brady,cbrady25@sina.com.cn,Female,192.158.231.233
79,Emmott,Parkhouse,eparkhouse26@bluehost.com,Male,229.41.18.225
80,Karna,Freiberg,kfreiberg27@cyberchimps.com,Female,209.215.21.171
81,Jasmina,Anfusso,janfusso28@blogger.com,Female,189.65.7.82
82,Kirsteni,Benardeau,kbenardeau29@google.com,Female,127.226.67.222
83,Moira,Summerill,msummerill2a@51.la,Female,197.82.13.3
84,Corry,Tweddell,ctweddell2b@webeden.co.uk,Female,249.219.0.73
85,Whitney,Lace,wlace2c@samsung.com,Male,251.84.67.133
86,Aggy,Catchpole,acatchpole2d@stumbleupon.com,Female,228.99.84.142
87,Page,Renfree,prenfree2e@omniture.com,Female,140.198.188.255
88,Norene,Melbury,nmelbury2f@usnews.com,Female,165.47.190.85
89,Glynis,Sinyard,gsinyard2g@xinhuanet.com,Female,22.53.144.44
90,Carissa,Haverty,chaverty2h@ed.gov,Female,94.35.205.218
91,Ignacio,Grishakov,igrishakov2i@phpbb.com,Male,119.222.195.74
92,Morrie,Chalfont,mchalfont2j@yelp.com,Male,32.80.101.41
93,Kenon,Wycliff,kwycliff2k@huffingtonpost.com,Male,126.244.15.33
94,Byron,Dunston,bdunston2l@ifeng.com,Male,160.70.219.221
95,Mikey,Jeannard,mjeannard2m@ifeng.com,Male,33.173.216.245
96,Nye,Mathias,nmathias2n@ucla.edu,Male,132.57.126.102
97,Florian,Mulder,fmulder2o@constantcontact.com,Male,22.22.147.62
98,Aluino,Cavey,acavey2p@hubpages.com,Male,84.184.234.180
99,Imelda,Ungaretti,iungaretti2q@dropbox.com,Female,51.28.82.90
100,Chev,Ainsworth,cainsworth2r@quantcast.com,Male,100.227.225.217
101,Gardiner,Phillpotts,gphillpotts2s@hubpages.com,Male,59.61.121.233
102,Melisande,Monteath,mmonteath2t@blogs.com,Female,109.77.197.56
103,Brent,Eidelman,beidelman2u@prweb.com,Male,53.72.19.58
104,Richy,Bohlsen,rbohlsen2v@etsy.com,Male,211.67.124.219
105,Ardine,Reisk,areisk2w@sun.com,Female,110.153.135.164
106,Nat,McAline,nmcaline2x@geocities.jp,Male,153.232.48.190
107,Marcella,Snowden,msnowden2y@kickstarter.com,Female,184.217.58.195
108,Ava,Patsall,apatsall2z@cbc.ca,Female,1.43.25.101
109,Graeme,Cromblehome,gcromblehome30@pcworld.com,Male,174.11.238.172
110,Nathanael,Whitcher,nwhitcher31@usgs.gov,Male,109.30.118.20
111,Emma,Pettman,epettman32@yandex.ru,Female,144.95.15.251
112,Avis,Mugridge,amugridge33@clickbank.net,Female,7.245.152.45
113,Honor,Tidridge,htidridge34@artisteer.com,Female,110.169.15.217
114,Karita,Baguley,kbaguley35@netscape.com,Female,207.194.202.215
115,Antonetta,Morby,amorby36@tiny.cc,Female,121.61.34.164
116,Amos,Cracker,acracker37@discovery.com,Male,84.201.176.68
117,Anthia,Evison,aevison38@epa.gov,Female,91.229.103.116
118,Berny,Linder,blinder39@patch.com,Male,233.230.50.254
119,Francklin,Martynka,fmartynka3a@cisco.com,Male,9.15.69.133
120,Gardener,Romushkin,gromushkin3b@harvard.edu,Male,129.99.182.59
121,Ab,Kelshaw,akelshaw3c@homestead.com,Male,240.106.93.152
122,Kathlin,Bohling,kbohling3d@dedecms.com,Female,96.228.108.200
123,Ruddie,Kohnemann,rkohnemann3e@craigslist.org,Male,205.229.192.193
124,Flory,Kiddie,fkiddie3f@wired.com,Female,227.52.46.93
125,Lindsey,McClunaghan,lmcclunaghan3g@princeton.edu,Male,130.171.180.208
126,Urbano,Felce,ufelce3h@parallels.com,Male,154.237.59.131
127,Alberta,Twinborne,atwinborne3i@pen.io,Female,121.87.25.198
128,Nikkie,Angric,nangric3j@reference.com,Female,73.252.204.236
129,Arne,Dransfield,adransfield3k@studiopress.com,Male,154.3.25.31
130,Tann,Elstone,telstone3l@godaddy.com,Male,11.229.205.229
131,Fredelia,Lenox,flenox3m@over-blog.com,Female,128.243.66.110
132,Fredrick,Jedrzejczak,fjedrzejczak3n@skyrock.com,Male,76.17.74.199
133,Guenna,Jeans,gjeans3o@barnesandnoble.com,Female,35.239.71.148
134,Caroline,Cadreman,ccadreman3p@intel.com,Female,49.98.204.240
135,Patricia,Loudon,ploudon3q@cnn.com,Female,209.62.230.34
136,Turner,Sandyford,tsandyford3r@howstuffworks.com,Male,85.17.220.140
137,Julina,O'Lyhane,jolyhane3s@usgs.gov,Female,126.217.50.85
138,Charles,Guy,cguy3t@guardian.co.uk,Male,162.25.18.101
139,Ailbert,Vooght,avooght3u@joomla.org,Male,97.183.165.212
140,Jon,covino,jcovino3v@usatoday.com,Male,61.191.160.166
141,Carlie,Fallens,cfallens3w@spotify.com,Female,224.96.148.29
142,Kelby,De Mattia,kdemattia3x@imgur.com,Male,126.59.223.189
143,Ari,Lowers,alowers3y@mashable.com,Male,45.3.192.187
144,Nicoline,Probate,nprobate3z@un.org,Female,231.248.36.48
145,Filmore,Sarney,fsarney40@economist.com,Male,120.61.170.114
146,Marmaduke,Carnie,mcarnie41@gizmodo.com,Male,79.143.188.123
147,Tiebold,Piddlehinton,tpiddlehinton42@wufoo.com,Male,228.186.39.8
148,Eustacia,Lashmore,elashmore43@addthis.com,Female,61.116.115.106
149,Cherilynn,Danzelman,cdanzelman44@columbia.edu,Female,42.163.12.250
150,Marcellus,Serris,mserris45@jugem.jp,Male,32.132.227.139
151,Ravid,Caig,rcaig46@pcworld.com,Male,208.29.253.129
152,Kimble,Hutcheon,khutcheon47@ning.com,Male,215.96.103.65
153,Idelle,Willox,iwillox48@tiny.cc,Female,172.36.130.26
154,Rene,Swadlinge,rswadlinge49@multiply.com,Female,85.81.169.58
155,Saba,Mesias,smesias4a@google.co.uk,Female,90.55.210.90
156,Danni,Haggath,dhaggath4b@eventbrite.com,Female,74.50.31.24
157,Kitti,Weddeburn - Scrimgeour,kweddeburnscrimgeour4c@wordpress.com,Female,190.78.198.66
158,Danya,Ganning,dganning4d@cbsnews.com,Male,82.123.140.137
159,Dyane,Elliff,delliff4e@simplemachines.org,Female,140.11.133.199
160,Lauree,Gunson,lgunson4f@gravatar.com,Female,201.188.238.217
161,Nevin,McMurdo,nmcmurdo4g@de.vu,Male,26.190.233.218
162,Ros,Edards,redards4h@craigslist.org,Female,136.77.97.117
163,Celia,Peoples,cpeoples4i@theglobeandmail.com,Female,208.120.118.229
164,Lowell,Tailour,ltailour4j@jiathis.com,Male,39.153.142.138
165,Carola,Stanistreet,cstanistreet4k@msn.com,Female,28.123.234.208
166,Northrup,Ruzicka,nruzicka4l@ehow.com,Male,97.126.248.74
167,Lynn,Yakushkin,lyakushkin4m@rambler.ru,Female,95.33.164.185
168,Josefina,Blampied,jblampied4n@vistaprint.com,Female,238.250.223.26
169,Yancey,Slograve,yslograve4o@storify.com,Male,35.255.31.147
170,Kile,Jeanneau,kjeanneau4p@forbes.com,Male,252.67.205.60
171,Oriana,Stranger,ostranger4q@macromedia.com,Female,164.164.112.145
172,Francisca,Frankema,ffrankema4r@gravatar.com,Female,101.11.213.243
173,Giffer,Cathie,gcathie4s@godaddy.com,Male,213.141.34.212
174,Tate,Rogeon,trogeon4t@imageshack.us,Female,255.11.222.65
175,Erskine,Emps,eemps4u@xinhuanet.com,Male,255.44.54.82
176,Corliss,Peinton,cpeinton4v@upenn.edu,Female,205.10.28.229
177,Sharleen,McGinnis,smcginnis4w@addtoany.com,Female,140.47.77.2
178,Pavla,Grimoldby,pgrimoldby4x@photobucket.com,Female,3.106.40.213
179,Rand,Frood,rfrood4y@icio.us,Male,199.173.34.151
180,Abraham,Danielian,adanielian4z@examiner.com,Male,94.190.68.139
181,Justen,Coppin,jcoppin50@phoca.cz,Male,198.82.128.197
182,Krisha,Dunkerley,kdunkerley51@flickr.com,Male,84.37.232.44
183,Dosi,Immer,dimmer52@skype.com,Female,254.186.58.108
184,Bronny,Bennit,bbennit53@furl.net,Male,9.119.103.202
185,Jaquelin,Saltsberger,jsaltsberger54@spotify.com,Female,137.19.88.231
186,Sheeree,Vann,svann55@stanford.edu,Female,36.82.252.191
187,Ileane,Ridde,iridde56@dedecms.com,Female,209.238.34.170
188,Fabian,Lampett,flampett57@icq.com,Male,149.181.44.55
189,Faydra,MacVanamy,fmacvanamy58@de.vu,Female,60.134.85.30
190,Dorothee,Tewes,dtewes59@yellowpages.com,Female,123.132.167.188
191,Alfie,MacAdam,amacadam5a@ted.com,Male,130.134.103.228
192,Patrizio,Deplacido,pdeplacido5b@state.tx.us,Male,248.12.243.183
193,Vilma,Foulds,vfoulds5c@delicious.com,Female,4.151.237.13
194,Jonathon,Semon,jsemon5d@weather.com,Male,30.48.7.156
195,Aarika,Swannack,aswannack5e@buzzfeed.com,Female,95.71.77.84
196,Kaylyn,Tooker,ktooker5f@ca.gov,Female,225.219.170.67
197,Riordan,Duggen,rduggen5g@yahoo.co.jp,Male,90.66.79.71
198,Lilyan,Hast,lhast5h@posterous.com,Female,162.29.43.213
199,Hope,Shoobridge,hshoobridge5i@thetimes.co.uk,Female,248.122.119.119
200,Yoshi,Pummery,ypummery5j@engadget.com,Female,85.80.251.27
201,Gram,Brunon,gbrunon5k@naver.com,Male,235.102.254.0
202,Gavin,Catt,gcatt5l@wordpress.com,Male,186.128.135.137
203,Barny,Stickles,bstickles5m@hibu.com,Male,99.121.17.135
204,Heinrik,Tock,htock5n@paginegialle.it,Male,30.198.108.172
205,Rollins,Lovemore,rlovemore5o@uiuc.edu,Male,125.215.166.254
206,Debra,McMaster,dmcmaster5p@java.com,Female,35.83.102.78
207,Katrina,Sketchley,ksketchley5q@ask.com,Female,93.84.239.255
208,Phaidra,Murrish,pmurrish5r@domainmarket.com,Female,175.31.231.142
209,Tucker,Quan,tquan5s@twitter.com,Male,20.37.153.11
210,Trixi,Tal,ttal5t@hhs.gov,Female,17.85.75.213
211,Danila,Curtiss,dcurtiss5u@angelfire.com,Female,156.242.251.20
212,Delores,O'Scanlan,doscanlan5v@nydailynews.com,Female,172.121.167.67
213,Cecil,Padrick,cpadrick5w@oaic.gov.au,Male,200.21.84.177
214,Cicely,Freda,cfreda5x@wp.com,Female,202.2.198.255
215,Alick,Oats,aoats5y@histats.com,Male,61.173.166.10
216,Sarge,Matyasik,smatyasik5z@shareasale.com,Male,156.239.146.42
217,Yolanthe,Cluff,ycluff60@umn.edu,Female,43.96.187.228
218,Jaymie,Feifer,jfeifer61@ucoz.com,Male,242.54.96.163
219,Dyane,Dedam,ddedam62@devhub.com,Female,204.249.119.46
220,Blanch,Dudill,bdudill63@oaic.gov.au,Female,22.24.99.111
221,Benjamen,Bavage,bbavage64@meetup.com,Male,51.215.239.44
222,Mia,Tebald,mtebald65@bandcamp.com,Female,121.190.227.162
223,Maud,Dargie,mdargie66@mapy.cz,Female,207.166.61.106
224,Ricki,Barrack,rbarrack67@cdbaby.com,Male,5.209.132.216
225,Van,Watchorn,vwatchorn68@slashdot.org,Male,85.65.88.217
226,Maryjane,Rosson,mrosson69@weibo.com,Female,187.60.194.112
227,Dory,Brightie,dbrightie6a@latimes.com,Male,120.61.12.121
228,Jenelle,Hurling,jhurling6b@virginia.edu,Female,162.193.103.145
229,Emmye,Utley,eutley6c@unesco.org,Female,131.237.151.53
230,Corrinne,Clackers,cclackers6d@theglobeandmail.com,Female,240.126.173.210
231,Rosabel,Narducci,rnarducci6e@ucla.edu,Female,170.143.100.67
232,Liana,Franciottoi,lfranciottoi6f@dailymotion.com,Female,245.192.26.126
233,Omar,McCosh,omccosh6g@hud.gov,Male,72.177.138.95
234,Dyann,Reyson,dreyson6h@ibm.com,Female,17.202.194.240
235,Aldrich,Frostdyke,afrostdyke6i@house.gov,Male,130.12.20.41
236,Leland,Wetherell,lwetherell6j@ftc.gov,Female,90.38.128.116
237,Clari,Klyn,cklyn6k@tripod.com,Female,115.126.25.125
238,Andreas,Shipton,ashipton6l@narod.ru,Male,172.10.64.253
239,Jameson,Gorrick,jgorrick6m@disqus.com,Male,175.230.1.240
240,Meriel,Boyne,mboyne6n@intel.com,Female,120.35.188.31
241,Nevsa,Carreck,ncarreck6o@nhs.uk,Female,165.111.0.157
242,Armand,Coulling,acoulling6p@storify.com,Male,91.49.138.158
243,Hetty,Colling,hcolling6q@mac.com,Female,10.188.114.239
244,Eba,Piegrome,epiegrome6r@ed.gov,Female,140.193.86.213
245,Arie,Emanuel,aemanuel6s@sohu.com,Male,152.156.59.236
246,Marlena,Keely,mkeely6t@examiner.com,Female,130.66.93.148
247,Ethe,Poate,epoate6u@bloomberg.com,Male,232.100.65.134
248,Casey,Sherwin,csherwin6v@un.org,Female,56.78.184.196
249,Belvia,Loachhead,bloachhead6w@xrea.com,Female,76.14.144.140
250,Curcio,Lead,clead6x@harvard.edu,Male,178.250.122.179
251,Dev,Obington,dobington6y@census.gov,Male,17.57.162.213
252,Katti,Coupland,kcoupland6z@cmu.edu,Female,71.108.153.29
253,Timothee,Ormesher,tormesher70@hhs.gov,Male,102.140.125.38
254,Niel,Seabert,nseabert71@discovery.com,Male,103.13.185.77
255,Jermaine,Oxbury,joxbury72@google.com.hk,Male,206.78.157.118
256,Garik,Accomb,gaccomb73@weather.com,Male,182.148.98.12
257,Orin,Phettiplace,ophettiplace74@alibaba.com,Male,3.66.235.215
258,Dina,Creany,dcreany75@sogou.com,Female,150.17.217.68
259,Kelli,Kitlee,kkitlee76@so-net.ne.jp,Female,73.67.239.228
260,Hagan,Rankine,hrankine77@google.cn,Male,240.52.96.175
261,Amye,Jennaway,ajennaway78@businessinsider.com,Female,11.179.209.124
262,Tito,Drakeley,tdrakeley79@phpbb.com,Male,78.41.124.155
263,Engelbert,Ducker,educker7a@wufoo.com,Male,105.220.175.131
264,Orsola,Erett,oerett7b@clickbank.net,Female,238.224.203.199
265,Zechariah,Hurich,zhurich7c@t-online.de,Male,137.195.183.88
266,Rana,Bellin,rbellin7d@businessinsider.com,Female,130.39.217.61
267,Carline,Cozby,ccozby7e@scientificamerican.com,Female,202.81.71.235
268,Fulvia,Paraman,fparaman7f@dedecms.com,Female,73.248.151.249
269,Dan,Kingswold,dkingswold7g@people.com.cn,Male,42.45.144.87
270,Ambrosi,Morcomb,amorcomb7h@home.pl,Male,64.72.186.152
271,Annadiane,Kirkhouse,akirkhouse7i@google.de,Female,26.71.161.9
272,Gusta,Tison,gtison7j@nationalgeographic.com,Female,43.71.192.7
273,Kaycee,Comiam,kcomiam7k@tripadvisor.com,Female,149.127.22.93
274,Briny,Simkovitz,bsimkovitz7l@un.org,Female,241.96.79.108
275,Barbey,Willard,bwillard7m@jiathis.com,Female,132.156.39.20
276,Reube,Calrow,rcalrow7n@cpanel.net,Male,46.125.79.58
277,Bridgette,Grinaway,bgrinaway7o@dailymotion.com,Female,111.167.76.205
278,Lawton,Landreth,llandreth7p@addthis.com,Male,146.4.239.190
279,Cary,Josham,cjosham7q@oracle.com,Female,183.37.45.92
280,Huntley,Wolledge,hwolledge7r@histats.com,Male,232.164.250.141
281,Gerri,Nanson,gnanson7s@nytimes.com,Female,58.70.204.68
282,Nonna,Thebeau,nthebeau7t@moonfruit.com,Female,157.159.229.44
283,Egon,MacAvaddy,emacavaddy7u@google.es,Male,45.218.148.76
284,Madlin,Tayspell,mtayspell7v@omniture.com,Female,97.74.127.76
285,Bobina,Holdworth,bholdworth7w@mysql.com,Female,102.84.249.17
286,Natalya,Bonnett,nbonnett7x@is.gd,Female,168.132.225.109
287,Briana,Stutt,bstutt7y@last.fm,Female,184.96.227.129
288,Glenna,Cufley,gcufley7z@simplemachines.org,Female,163.133.204.92
289,Rriocard,Custard,rcustard80@de.vu,Male,173.226.152.223
290,Beniamino,De Marchi,bdemarchi81@vimeo.com,Male,237.34.153.254
291,Bruce,Powland,bpowland82@pbs.org,Male,30.21.166.67
292,Ingrid,Birckmann,ibirckmann83@github.io,Female,45.9.53.239
293,Opalina,Manchett,omanchett84@instagram.com,Female,250.248.5.36
294,Trixi,McFadin,tmcfadin85@economist.com,Female,147.17.107.225
295,Ladonna,Fenlon,lfenlon86@unc.edu,Female,179.13.242.88
296,Rustie,Reeman,rreeman87@baidu.com,Male,57.151.61.255
297,Lela,Kincaid,lkincaid88@prweb.com,Female,117.238.9.84
298,Collie,Bartak,cbartak89@tiny.cc,Female,114.105.199.147
299,Arlen,Bickersteth,abickersteth8a@comcast.net,Female,21.176.231.208
300,Elyn,Mil,emil8b@csmonitor.com,Female,31.85.20.192
301,Whitney,de'-Ancy Willis,wdeancywillis8c@webmd.com,Male,44.196.119.228
302,Emalia,Cottee,ecottee8d@domainmarket.com,Female,106.133.253.85
303,Brenda,Pevie,bpevie8e@telegraph.co.uk,Female,181.131.163.56
304,Richard,Chatres,rchatres8f@sciencedaily.com,Male,42.222.32.4
305,Byrom,Willshear,bwillshear8g@edublogs.org,Male,235.230.108.54
306,Fannie,Stodhart,fstodhart8h@state.tx.us,Female,84.33.50.231
307,Shantee,Clarson,sclarson8i@google.co.uk,Female,103.194.195.115
308,Emma,Van Der Vlies,evandervlies8j@quantcast.com,Female,254.86.115.11
309,Edwin,Edge,eedge8k@freewebs.com,Male,6.100.244.150
310,Jephthah,Hamlen,jhamlen8l@baidu.com,Male,253.130.35.38
311,Kristos,Pendlebury,kpendlebury8m@shutterfly.com,Male,115.196.183.237
312,Nanny,Valentinetti,nvalentinetti8n@cisco.com,Female,25.167.113.164
313,Twyla,Wreight,twreight8o@goodreads.com,Female,39.52.252.182
314,Karyn,Busby,kbusby8p@msn.com,Female,243.82.183.137
315,Derron,Bisp,dbisp8q@dailymail.co.uk,Male,23.63.101.119
316,Terza,Paten,tpaten8r@umn.edu,Female,122.139.182.201
317,Wilie,Gilson,wgilson8s@furl.net,Female,235.207.222.176
318,Meredith,Skellorne,mskellorne8t@csmonitor.com,Male,178.150.77.143
319,Riordan,Demke,rdemke8u@amazon.de,Male,132.197.235.63
320,Rogers,Preskett,rpreskett8v@cnbc.com,Male,128.198.206.119
321,Lenard,Pancoast,lpancoast8w@miitbeian.gov.cn,Male,107.85.52.202
322,Levy,Waddicor,lwaddicor8x@webeden.co.uk,Male,129.148.132.213
323,Harv,Danks,hdanks8y@ehow.com,Male,64.215.50.21
324,Anita,Mongan,amongan8z@adobe.com,Female,218.199.206.24
325,Peyton,Bendtsen,pbendtsen90@webeden.co.uk,Male,86.122.255.117
326,Thom,Sterricker,tsterricker91@cdbaby.com,Male,83.126.75.123
327,Pier,Drance,pdrance92@reddit.com,Female,4.207.123.173
328,Kenyon,Lonnon,klonnon93@yellowpages.com,Male,238.109.127.50
329,Raine,Jinda,rjinda94@cbsnews.com,Female,161.55.54.117
330,Immanuel,Donnison,idonnison95@amazon.co.jp,Male,5.129.252.47
331,Dulce,Nary,dnary96@reference.com,Female,145.1.154.56
332,Frasier,Oade,foade97@wordpress.org,Male,65.122.139.205
333,Matty,Crossfield,mcrossfield98@independent.co.uk,Male,15.203.118.152
334,Rockie,McHenry,rmchenry99@intel.com,Male,34.18.113.155
335,Tammie,Berndtssen,tberndtssen9a@prlog.org,Female,155.199.4.157
336,Dalis,Incogna,dincogna9b@craigslist.org,Male,227.244.112.125
337,Orlando,Clandillon,oclandillon9c@fda.gov,Male,164.11.50.213
338,Nichols,Jirka,njirka9d@mit.edu,Male,208.157.16.133
339,Deeann,Chitson,dchitson9e@upenn.edu,Female,1.248.247.26
340,Tommie,Gauch,tgauch9f@senate.gov,Female,56.167.207.155
341,Eduardo,Caig,ecaig9g@spiegel.de,Male,45.9.165.175
342,Archaimbaud,Parratt,aparratt9h@yellowpages.com,Male,134.69.193.0
343,Thaddus,Venmore,tvenmore9i@topsy.com,Male,239.166.246.112
344,Alfy,Barlthrop,abarlthrop9j@acquirethisname.com,Female,171.10.148.222
345,Emilia,Fortnam,efortnam9k@illinois.edu,Female,96.21.203.53
346,Adams,Naper,anaper9l@irs.gov,Male,76.114.216.83
347,Yvon,Jiricka,yjiricka9m@youku.com,Male,237.110.248.116
348,Ham,Tipping,htipping9n@cnbc.com,Male,184.121.210.145
349,Gilda,Grimsley,ggrimsley9o@bloomberg.com,Female,114.51.183.211
350,Mohandas,Pettipher,mpettipher9p@businessinsider.com,Male,87.203.0.102
351,Edythe,Scrivens,escrivens9q@toplist.cz,Female,117.212.146.246
352,Gav,Lydford,glydford9r@icq.com,Male,95.228.171.69
353,Noel,Fenelow,nfenelow9s@vistaprint.com,Male,199.145.151.202
354,Hallie,Dyke,hdyke9t@vkontakte.ru,Female,228.142.16.220
355,Martie,Twinberrow,mtwinberrow9u@statcounter.com,Female,168.141.12.103
356,Jazmin,Erdely,jerdely9v@constantcontact.com,Female,147.186.67.39
357,Karina,McWhinnie,kmcwhinnie9w@yolasite.com,Female,233.173.212.0
358,Bertrando,Burgoin,bburgoin9x@huffingtonpost.com,Male,46.242.185.117
359,Innis,Netherwood,inetherwood9y@sciencedirect.com,Male,17.48.41.96
360,Tanny,Jouhandeau,tjouhandeau9z@whitehouse.gov,Male,70.147.245.126
361,Adams,Knevet,akneveta0@tripadvisor.com,Male,1.16.65.62
362,Paolina,Mapholm,pmapholma1@nih.gov,Female,151.159.35.73
363,Matti,Edelston,medelstona2@princeton.edu,Female,249.107.136.193
364,Lauralee,Maypole,lmaypolea3@google.pl,Female,233.254.147.67
365,Latrina,Miroy,lmiroya4@mac.com,Female,52.224.150.13
366,Kat,Furmedge,kfurmedgea5@google.com.br,Female,212.85.233.164
367,Katina,Pawelczyk,kpawelczyka6@abc.net.au,Female,200.87.212.134
368,Jodi,Dacca,jdaccaa7@bbc.co.uk,Male,142.123.249.214
369,Kylie,Whitelock,kwhitelocka8@ed.gov,Male,169.106.225.188
370,Niccolo,Lamshead,nlamsheada9@cocolog-nifty.com,Male,20.129.185.73
371,Teena,Benoi,tbenoiaa@g.co,Female,238.210.249.89
372,Claudius,Carnock,ccarnockab@privacy.gov.au,Male,75.113.202.171
373,Dori,Kayes,dkayesac@vimeo.com,Female,198.153.170.161
374,King,Gaddas,kgaddasad@omniture.com,Male,251.152.74.253
375,Aveline,Leishman,aleishmanae@google.com,Female,157.230.206.60
376,Kandy,Letson,kletsonaf@naver.com,Female,4.45.198.123
377,Fairlie,Gudgion,fgudgionag@hhs.gov,Male,73.223.131.67
378,Iosep,Giffin,igiffinah@usatoday.com,Male,138.86.180.194
379,Zorina,Millimoe,zmillimoeai@salon.com,Female,46.232.30.160
380,Hulda,Blakden,hblakdenaj@deviantart.com,Female,13.100.94.222
381,Dimitry,Aizikovitch,daizikovitchak@csmonitor.com,Male,163.77.105.17
382,Orelie,Urion,ourional@dailymail.co.uk,Female,191.88.117.158
383,Claudetta,Hartegan,charteganam@hexun.com,Female,95.74.86.230
384,Elsie,Lerohan,elerohanan@usda.gov,Female,142.36.140.165
385,Ferdie,O'Corhane,focorhaneao@craigslist.org,Male,145.194.75.218
386,Leslie,Dederick,ldederickap@tuttocitta.it,Female,179.215.155.117
387,Arabel,Stollenbecker,astollenbeckeraq@howstuffworks.com,Female,237.135.118.155
388,Christy,Layne,claynear@github.io,Male,196.111.36.60
389,Kiah,Scrammage,kscrammageas@surveymonkey.com,Female,114.142.106.87
390,Irena,Bennen,ibennenat@dion.ne.jp,Female,196.202.187.168
391,Rickey,Swindle,rswindleau@creativecommons.org,Male,127.49.129.215
392,Bat,Mournian,bmournianav@ebay.co.uk,Male,38.195.208.177
393,Floris,Tregunnah,ftregunnahaw@storify.com,Female,127.63.206.20
394,Lilyan,Eccleshall,leccleshallax@reference.com,Female,176.16.178.211
395,Derk,Ryves,dryvesay@wufoo.com,Male,181.248.2.86
396,Maiga,Varley,mvarleyaz@google.co.jp,Female,96.0.39.139
397,Budd,Sharram,bsharramb0@istockphoto.com,Male,35.162.209.185
398,Horacio,Brantl,hbrantlb1@upenn.edu,Male,160.207.43.215
399,Myranda,Morley,mmorleyb2@goo.gl,Female,49.90.201.35
400,Walton,Wainman,wwainmanb3@yahoo.co.jp,Male,250.9.242.35
401,Neala,Malshinger,nmalshingerb4@eventbrite.com,Female,15.63.59.198
402,Arden,Issacoff,aissacoffb5@ucsd.edu,Female,115.238.92.123
403,Alister,Vercruysse,avercruysseb6@wordpress.com,Male,12.178.54.165
404,Cad,MacCague,cmaccagueb7@jugem.jp,Male,131.214.45.192
405,Dominik,Deane,ddeaneb8@intel.com,Male,76.106.65.11
406,Lavena,Forcade,lforcadeb9@xinhuanet.com,Female,200.212.36.6
407,Tuesday,Suckling,tsucklingba@zdnet.com,Female,70.42.120.104
408,Frannie,Switsur,fswitsurbb@narod.ru,Female,22.16.224.59
409,Toni,Watterson,twattersonbc@purevolume.com,Female,32.113.179.73
410,Pamela,Dukelow,pdukelowbd@techcrunch.com,Female,98.199.94.142
411,Elisabet,Slavin,eslavinbe@i2i.jp,Female,106.216.139.209
412,Way,Dillon,wdillonbf@tumblr.com,Male,46.4.197.174
413,Codi,Skipton,cskiptonbg@dmoz.org,Male,253.52.15.247
414,Malva,Ricciardo,mricciardobh@hibu.com,Female,148.211.178.225
415,Andy,Connolly,aconnollybi@yellowbook.com,Male,192.54.145.32
416,Rocky,Scardafield,rscardafieldbj@meetup.com,Male,34.87.249.254
417,Mortimer,Reolfo,mreolfobk@fema.gov,Male,139.181.189.187
418,Kippar,Mixture,kmixturebl@sohu.com,Male,62.56.173.105
419,Pearle,Letchford,pletchfordbm@google.pl,Female,135.244.220.179
420,Martita,Coutts,mcouttsbn@gizmodo.com,Female,150.5.171.50
421,Ede,Sowten,esowtenbo@adobe.com,Female,68.91.31.29
422,Haskel,Guerner,hguernerbp@fema.gov,Male,64.23.48.44
423,Lanita,Spellar,lspellarbq@constantcontact.com,Female,213.88.8.138
424,Bonni,Dyerson,bdyersonbr@bizjournals.com,Female,224.70.201.171
425,Leese,Goodboddy,lgoodboddybs@ezinearticles.com,Female,207.45.83.90
426,Cherrita,Kitchenham,ckitchenhambt@mapquest.com,Female,237.65.118.117
427,Kippy,Sebright,ksebrightbu@chicagotribune.com,Male,240.120.83.143
428,Washington,Trathan,wtrathanbv@dot.gov,Male,144.5.86.160
429,Lenette,Togwell,ltogwellbw@timesonline.co.uk,Female,98.160.251.114
430,Carma,Askin,caskinbx@xrea.com,Female,3.210.138.60
431,Sadie,Gounod,sgounodby@meetup.com,Female,239.29.71.0
432,Nap,Cocozza,ncocozzabz@ow.ly,Male,116.207.164.44
433,Clementius,Poppy,cpoppyc0@wp.com,Male,23.221.204.214
434,Loree,Kissell,lkissellc1@cmu.edu,Female,2.122.195.43
435,Kizzie,Pipe,kpipec2@list-manage.com,Female,212.237.193.248
436,Minnie,Deinhard,mdeinhardc3@qq.com,Female,186.170.17.54
437,Amos,Benois,abenoisc4@youtube.com,Male,60.135.114.35
438,Paquito,Bourne,pbournec5@wix.com,Male,23.170.41.182
439,Cary,Jentges,cjentgesc6@sun.com,Male,208.0.81.86
440,Granville,Wimpey,gwimpeyc7@epa.gov,Male,113.183.23.47
441,Glen,Sowerby,gsowerbyc8@yellowbook.com,Female,130.177.173.111
442,Alvis,Laxtonne,alaxtonnec9@mayoclinic.com,Male,63.155.35.170
443,Elliott,Gariff,egariffca@oakley.com,Male,110.174.171.15
444,Tyrus,Watts,twattscb@bloglovin.com,Male,198.150.177.176
445,Brewer,Arger,bargercc@cbslocal.com,Male,23.74.130.246
446,Jenine,Matkovic,jmatkoviccd@surveymonkey.com,Female,128.67.99.177
447,Jemima,De Cleyne,jdecleynece@berkeley.edu,Female,209.92.122.45
448,Gerti,Cork,gcorkcf@livejournal.com,Female,106.60.32.26
449,Basile,Conroy,bconroycg@engadget.com,Male,65.33.150.85
450,Hughie,Fremantle,hfremantlech@vk.com,Male,225.206.252.109
451,Meagan,Bruhnke,mbruhnkeci@woothemes.com,Female,12.210.50.127
452,Consuelo,Munnis,cmunniscj@tuttocitta.it,Female,19.153.236.47
453,Sarah,Iddon,siddonck@cam.ac.uk,Female,180.12.244.64
454,Suzanne,Pepon,speponcl@cdc.gov,Female,249.80.22.193
455,Trix,Folk,tfolkcm@dion.ne.jp,Female,135.91.243.143
456,Pietrek,O'Lunney,polunneycn@acquirethisname.com,Male,96.196.37.169
457,Karoline,Shaxby,kshaxbyco@bloglines.com,Female,118.29.81.120
458,Pebrook,Diggles,pdigglescp@angelfire.com,Male,195.245.27.86
459,Breena,Denny,bdennycq@feedburner.com,Female,173.48.51.156
460,Reagen,Jowett,rjowettcr@nationalgeographic.com,Male,219.93.229.64
461,Ursuline,Ashdown,uashdowncs@economist.com,Female,124.212.48.180
462,Brear,Latchford,blatchfordct@theglobeandmail.com,Female,250.153.7.168
463,Abbye,Potten,apottencu@wikipedia.org,Female,125.110.110.143
464,Tailor,Hawkyens,thawkyenscv@newyorker.com,Male,208.88.117.45
465,Tabby,Blewitt,tblewittcw@house.gov,Male,175.32.164.160
466,Patrizia,Coldrick,pcoldrickcx@oaic.gov.au,Female,142.137.108.16
467,Andriette,Haggith,ahaggithcy@w3.org,Female,249.58.130.69
468,Nicola,Johnys,njohnyscz@geocities.com,Male,131.4.72.193
469,Ariadne,Balling,aballingd0@harvard.edu,Female,179.165.160.140
470,Bevon,Aucock,baucockd1@usnews.com,Male,180.205.40.237
471,Mellisa,Messham,mmesshamd2@shutterfly.com,Female,146.193.131.114
472,Trace,Cozens,tcozensd3@hubpages.com,Male,215.248.25.174
473,Christoffer,Braxay,cbraxayd4@house.gov,Male,20.173.174.219
474,Tova,Blackley,tblackleyd5@yahoo.com,Female,158.5.195.106
475,Carlos,Frandsen,cfrandsend6@ning.com,Male,59.6.186.95
476,Vick,Dixcey,vdixceyd7@storify.com,Male,32.169.224.155
477,Roxanna,Yakob,ryakobd8@opensource.org,Female,123.90.191.161
478,Lorette,Conibear,lconibeard9@blogs.com,Female,58.221.111.169
479,Nixie,Zuppa,nzuppada@hc360.com,Female,241.62.63.149
480,Cacilia,Dumbreck,cdumbreckdb@google.fr,Female,194.72.119.38
481,Stacee,Nys,snysdc@nps.gov,Female,246.70.164.30
482,Bald,Brendish,bbrendishdd@pbs.org,Male,177.166.19.28
483,Nels,Pickhaver,npickhaverde@spiegel.de,Male,171.168.119.85
484,Waldon,Maffei,wmaffeidf@liveinternet.ru,Male,240.232.113.64
485,Tiler,Karolyi,tkarolyidg@unesco.org,Male,202.70.45.163
486,Lila,Arpur,larpurdh@apache.org,Female,193.66.188.49
487,Mamie,Dunkley,mdunkleydi@businesswire.com,Female,244.53.21.118
488,Sonny,Crudginton,scrudgintondj@imageshack.us,Female,199.160.3.169
489,Taite,Brosh,tbroshdk@moonfruit.com,Male,9.9.3.192
490,Shepherd,Boullin,sboullindl@marketwatch.com,Male,124.239.207.229
491,Emmerich,Salsbury,esalsburydm@wired.com,Male,183.4.242.70
492,Krystle,Lamburn,klamburndn@nifty.com,Female,69.4.178.189
493,Terrie,Thurlow,tthurlowdo@cocolog-nifty.com,Female,50.243.199.254
494,Gusta,Joanaud,gjoanauddp@census.gov,Female,83.5.113.14
495,Marybeth,Debrett,mdebrettdq@studiopress.com,Female,22.215.223.171
496,Mortimer,Chaudret,mchaudretdr@nymag.com,Male,21.223.58.124
497,Kalina,Aldham,kaldhamds@slashdot.org,Female,43.70.232.191
498,Nike,Whisby,nwhisbydt@simplemachines.org,Female,0.198.92.201
499,Davide,Goby,dgobydu@usa.gov,Male,237.251.247.183
500,Kimmie,Bockman,kbockmandv@yandex.ru,Female,13.33.255.38
501,Ty,Elliff,telliffdw@cdc.gov,Male,201.178.178.115
502,Manon,Ferneyhough,mferneyhoughdx@vkontakte.ru,Female,229.100.64.138
503,Niall,Malletratt,nmalletrattdy@yolasite.com,Male,178.122.245.40
504,Joye,Millwater,jmillwaterdz@parallels.com,Female,126.175.210.232
505,Eddie,Dilley,edilleye0@diigo.com,Female,109.20.96.166
506,Tabby,Jeanel,tjeanele1@indiatimes.com,Male,172.138.25.36
507,Di,Taylder,dtayldere2@github.com,Female,64.9.128.91
508,Therine,Medwell,tmedwelle3@icq.com,Female,53.191.143.44
509,Brenden,Barock,bbarocke4@wikispaces.com,Male,120.19.57.103
510,Cammy,Stedmond,cstedmonde5@cdbaby.com,Male,32.18.212.91
511,Idaline,Bukowski,ibukowskie6@rediff.com,Female,141.52.215.12
512,Torrie,Revill,treville7@bloglovin.com,Female,6.40.98.75
513,Stormie,Divver,sdivvere8@histats.com,Female,169.121.71.31
514,Allyce,Roddam,aroddame9@xing.com,Female,89.163.75.88
515,Henrieta,Exrol,hexrolea@sitemeter.com,Female,239.115.242.68
516,Johannah,Paish,jpaisheb@indiatimes.com,Female,97.210.129.157
517,Camila,Mathely,cmathelyec@i2i.jp,Female,235.48.168.123
518,Wally,Feldbau,wfeldbaued@google.com.hk,Male,75.10.10.22
519,Irvine,Figgures,ifigguresee@123-reg.co.uk,Male,102.7.226.7
520,Blinnie,Mullaney,bmullaneyef@cnn.com,Female,16.111.39.125
521,Wernher,Loche,wlocheeg@cdc.gov,Male,65.92.83.142
522,Karlik,McAloren,kmcaloreneh@noaa.gov,Male,139.45.172.2
523,Katlin,Killford,kkillfordei@arstechnica.com,Female,138.34.117.162
524,Savina,Hawthorn,shawthornej@psu.edu,Female,90.74.87.208
525,Gaile,Stidston,gstidstonek@spotify.com,Male,221.99.239.106
526,Nonna,Perrott,nperrottel@tinypic.com,Female,205.62.146.42
527,Lou,Tourle,ltourleem@ibm.com,Female,78.232.220.107
528,Diahann,Ricardo,dricardoen@hc360.com,Female,173.99.116.252
529,Cassius,Paaso,cpaasoeo@yale.edu,Male,104.177.170.7
530,Aurthur,Howerd,ahowerdep@delicious.com,Male,31.57.250.138
531,Tucky,Wrigglesworth,twriggleswortheq@latimes.com,Male,146.58.202.51
532,Regine,Maling,rmalinger@icq.com,Female,68.93.149.45
533,Dewitt,Gamwell,dgamwelles@icio.us,Male,25.251.210.58
534,Margot,Gouinlock,mgouinlocket@opensource.org,Female,30.166.231.56
535,Ida,Petrina,ipetrinaeu@jigsy.com,Female,233.168.126.73
536,Bartolomeo,Howe,bhoweev@webeden.co.uk,Male,127.129.220.161
537,Brod,Mitchelhill,bmitchelhillew@rambler.ru,Male,38.54.9.182
538,Shandeigh,Fredy,sfredyex@tmall.com,Female,214.24.145.102
539,Lucila,Perrigo,lperrigoey@tiny.cc,Female,220.153.10.194
540,Pippo,Lomansey,plomanseyez@cbslocal.com,Male,181.23.37.107
541,Hakeem,Bonass,hbonassf0@arstechnica.com,Male,69.118.213.134
542,Jessamyn,Birtwhistle,jbirtwhistlef1@trellian.com,Female,218.226.10.150
543,Dniren,Snoddon,dsnoddonf2@e-recht24.de,Female,149.4.67.178
544,Dyna,Slixby,dslixbyf3@google.pl,Female,72.104.101.22
545,Olivie,Pattisson,opattissonf4@is.gd,Female,99.152.133.69
546,Vernen,Beazer,vbeazerf5@bloomberg.com,Male,95.8.141.108
547,Dorothea,Huskisson,dhuskissonf6@123-reg.co.uk,Female,170.95.4.45
548,Alfie,Plank,aplankf7@trellian.com,Male,159.42.24.63
549,Ambrosi,Maling,amalingf8@umich.edu,Male,205.205.49.66
550,Alexis,Toquet,atoquetf9@flickr.com,Female,154.61.132.229
551,Teresita,Dulwich,tdulwichfa@theatlantic.com,Female,2.64.30.187
552,Beitris,Figge,bfiggefb@pagesperso-orange.fr,Female,53.92.99.199
553,Grove,Stitt,gstittfc@godaddy.com,Male,140.58.196.137
554,Edward,Snowsill,esnowsillfd@cdc.gov,Male,164.115.55.159
555,Rivi,Have,rhavefe@bizjournals.com,Female,222.60.100.140
556,Laurette,McOrkil,lmcorkilff@pinterest.com,Female,54.220.209.104
557,Kathye,Trousdell,ktrousdellfg@soup.io,Female,19.236.46.187
558,Ganny,Whisker,gwhiskerfh@dailymotion.com,Male,173.151.89.120
559,Dom,MacGraith,dmacgraithfi@surveymonkey.com,Male,15.115.198.123
560,Almeria,Doran,adoranfj@mail.ru,Female,207.3.186.214
561,Torrin,Drohane,tdrohanefk@barnesandnoble.com,Male,154.73.227.213
562,Kizzie,Belli,kbellifl@stanford.edu,Female,251.61.223.114
563,Kennan,Lenthall,klenthallfm@comsenz.com,Male,17.152.15.111
564,Carla,Rhoddie,crhoddiefn@desdev.cn,Female,137.87.251.157
565,Yulma,Girault,ygiraultfo@uiuc.edu,Male,90.204.130.135
566,Pauly,Dairton,pdairtonfp@sakura.ne.jp,Female,253.15.142.35
567,Vita,Burfoot,vburfootfq@gravatar.com,Female,79.39.181.220
568,Jesus,Talton,jtaltonfr@1688.com,Male,185.58.64.11
569,Alric,Gillions,agillionsfs@reddit.com,Male,24.50.169.152
570,Lock,Faudrie,lfaudrieft@jigsy.com,Male,4.228.13.181
571,Alfy,Moorcroft,amoorcroftfu@thetimes.co.uk,Female,223.254.132.146
572,Arabel,Goldingay,agoldingayfv@reddit.com,Female,79.61.219.168
573,Sibyl,Eccleshare,secclesharefw@ow.ly,Female,132.131.212.18
574,Ernst,Miguet,emiguetfx@yolasite.com,Male,73.186.145.197
575,Raleigh,Endacott,rendacottfy@360.cn,Male,223.249.80.8
576,Estell,Terzo,eterzofz@t-online.de,Female,49.28.190.76
577,Loria,Stearns,lstearnsg0@youku.com,Female,3.246.161.187
578,Maudie,Tellenbach,mtellenbachg1@wufoo.com,Female,11.109.177.229
579,Roxie,Minithorpe,rminithorpeg2@free.fr,Female,97.148.53.233
580,Jerrie,Manders,jmandersg3@arstechnica.com,Male,63.182.0.169
581,Kenon,Vaz,kvazg4@vimeo.com,Male,153.171.211.208
582,Ava,Franciskiewicz,afranciskiewiczg5@tinypic.com,Female,132.80.199.208
583,Royal,Prandi,rprandig6@google.de,Male,65.205.138.125
584,Lennie,Peter,lpeterg7@techcrunch.com,Male,93.210.3.228
585,Johnette,Brockest,jbrockestg8@surveymonkey.com,Female,147.38.44.243
586,Belle,Smeall,bsmeallg9@ebay.co.uk,Female,125.2.12.50
587,Rozina,Synke,rsynkega@nytimes.com,Female,91.210.80.242
588,Alexis,Gresswell,agresswellgb@yolasite.com,Female,220.249.178.117
589,Yuma,Pietrzak,ypietrzakgc@amazon.de,Male,223.155.10.18
590,Rene,Affleck,raffleckgd@apple.com,Female,186.57.153.121
591,Lacee,Chase,lchasege@last.fm,Female,128.122.55.181
592,Ban,Dominicacci,bdominicaccigf@miitbeian.gov.cn,Male,49.115.234.251
593,Trey,Aspray,taspraygg@acquirethisname.com,Male,152.113.81.35
594,Inigo,Hoyte,ihoytegh@homestead.com,Male,90.81.238.74
595,Cloris,Evert,cevertgi@deviantart.com,Female,19.139.97.134
596,Rutger,Gerant,rgerantgj@list-manage.com,Male,18.149.227.30
597,Caresse,Possell,cpossellgk@princeton.edu,Female,235.67.253.246
598,Wait,Osinin,wosiningl@bizjournals.com,Male,182.217.213.203
599,Zonnya,Oatley,zoatleygm@mapy.cz,Female,92.29.255.168
600,Natty,Petofi,npetofign@usda.gov,Male,62.142.230.105
601,Ibrahim,Bettles,ibettlesgo@omniture.com,Male,47.169.74.250
602,Lane,Somerled,lsomerledgp@gnu.org,Male,218.0.87.180
603,Bibbye,McMarquis,bmcmarquisgq@scientificamerican.com,Female,101.118.234.27
604,Carling,Doxey,cdoxeygr@is.gd,Male,37.116.4.228
605,Moore,Spadollini,mspadollinigs@reddit.com,Male,124.211.234.143
606,Ashly,Pendrich,apendrichgt@prlog.org,Female,246.36.18.210
607,Ezri,Proger,eprogergu@bloomberg.com,Male,145.133.34.127
608,Cristie,Yurchishin,cyurchishingv@twitpic.com,Female,62.158.106.131
609,Alix,Shillaber,ashillabergw@google.es,Male,92.94.207.242
610,Kermit,Huncoot,khuncootgx@nymag.com,Male,242.222.67.136
611,Chevalier,Habbon,chabbongy@vk.com,Male,74.139.148.228
612,Delinda,Muirden,dmuirdengz@sourceforge.net,Female,224.67.74.194
613,Sonny,Lorente,slorenteh0@amazon.co.jp,Female,130.151.239.219
614,Gawen,Waddingham,gwaddinghamh1@ask.com,Male,193.117.79.40
615,Tobi,Shinfield,tshinfieldh2@taobao.com,Female,88.247.166.1
616,Burr,Peert,bpeerth3@arstechnica.com,Male,199.186.38.136
617,Keely,Stuffins,kstuffinsh4@home.pl,Female,39.248.131.23
618,Helen,Kiellor,hkiellorh5@nytimes.com,Female,130.209.161.243
619,Scotti,Spurrier,sspurrierh6@bloglovin.com,Male,47.225.178.181
620,Farrell,Bulle,fbulleh7@digg.com,Male,199.35.215.35
621,Hogan,Sellan,hsellanh8@imdb.com,Male,49.154.252.172
622,Sharai,Crotty,scrottyh9@scribd.com,Female,7.229.122.221
623,Ulrick,Elphinston,uelphinstonha@cbc.ca,Male,221.182.137.68
624,Ashla,Byham,abyhamhb@printfriendly.com,Female,21.115.8.45
625,Andros,Fansy,afansyhc@goodreads.com,Male,89.146.254.175
626,Powell,Canete,pcanetehd@utexas.edu,Male,113.168.150.159
627,Bethanne,Annion,bannionhe@icq.com,Female,141.61.58.41
628,Brynne,Gregor,bgregorhf@epa.gov,Female,151.132.22.224
629,Pennie,Anderer,pandererhg@mail.ru,Male,165.118.57.156
630,Renee,Delicate,rdelicatehh@webeden.co.uk,Female,26.58.179.20
631,Ferrell,Duffin,fduffinhi@technorati.com,Male,161.20.109.13
632,Aldis,Dugget,aduggethj@last.fm,Male,184.50.224.226
633,Wells,Plane,wplanehk@digg.com,Male,28.76.201.21
634,Tris,Segoe,tsegoehl@tumblr.com,Male,191.1.40.218
635,Cory,Hurlin,churlinhm@spiegel.de,Male,72.100.132.171
636,Maurizio,Mungin,mmunginhn@google.de,Male,84.129.143.248
637,Archer,Dinsdale,adinsdaleho@businessweek.com,Male,213.9.126.14
638,Danella,Seamarke,dseamarkehp@example.com,Female,113.110.193.186
639,Brenden,Van Arsdall,bvanarsdallhq@usgs.gov,Male,28.45.149.79
640,Phillis,Carbery,pcarberyhr@nymag.com,Female,199.155.119.123
641,Syman,Liversidge,sliversidgehs@friendfeed.com,Male,84.156.59.255
642,Farica,Winchcombe,fwinchcombeht@istockphoto.com,Female,250.76.191.156
643,Chrotoem,Bratton,cbrattonhu@buzzfeed.com,Male,47.78.38.79
644,Godfry,Chanders,gchandershv@alibaba.com,Male,246.161.161.75
645,Cassius,Arrandale,carrandalehw@walmart.com,Male,165.100.58.104
646,Shanna,Slark,sslarkhx@twitter.com,Female,54.207.35.57
647,Nicko,Bartosek,nbartosekhy@google.ca,Male,190.197.198.143
648,Hildagarde,Portigall,hportigallhz@pagesperso-orange.fr,Female,194.201.112.44
649,Greggory,Whoston,gwhostoni0@mediafire.com,Male,39.233.139.44
650,Cordell,Webb-Bowen,cwebbboweni1@ucsd.edu,Male,238.48.200.54
651,Heather,Cadell,hcadelli2@boston.com,Female,163.121.47.2
652,Gary,Struthers,gstruthersi3@dell.com,Male,63.209.7.31
653,Ronda,Sher,rsheri4@unc.edu,Female,254.185.211.156
654,Tamera,Bootton,tboottoni5@comsenz.com,Female,161.9.218.195
655,Ford,Pennone,fpennonei6@census.gov,Male,242.129.12.96
656,Carver,Trusse,ctrussei7@homestead.com,Male,139.56.35.222
657,Pat,Joubert,pjouberti8@arstechnica.com,Male,80.122.125.64
658,Eloise,Olech,eolechi9@posterous.com,Female,221.181.102.127
659,Cathy,Sillitoe,csillitoeia@unblog.fr,Female,121.251.7.114
660,Malchy,Torfin,mtorfinib@umn.edu,Male,201.208.76.161
661,Addia,McCreary,amccrearyic@so-net.ne.jp,Female,55.127.223.44
662,Kristien,Perle,kperleid@unblog.fr,Female,15.181.216.160
663,Marris,Spybey,mspybeyie@bizjournals.com,Female,27.3.231.39
664,Burty,Perch,bperchif@rakuten.co.jp,Male,17.174.157.233
665,Aube,Bayldon,abayldonig@wikispaces.com,Male,20.198.180.181
666,Aksel,Esel,aeselih@hatena.ne.jp,Male,16.9.100.97
667,Kylila,Fraczek,kfraczekii@timesonline.co.uk,Female,103.139.104.252
668,Rock,Paish,rpaishij@edublogs.org,Male,133.239.135.11
669,Alphard,Primarolo,aprimaroloik@census.gov,Male,176.40.160.99
670,Adriena,Petche,apetcheil@nhs.uk,Female,32.52.247.238
671,Alastair,Kabisch,akabischim@behance.net,Male,164.84.145.69
672,Shaughn,Sasser,ssasserin@miibeian.gov.cn,Male,16.190.238.65
673,Emyle,Budden,ebuddenio@shareasale.com,Female,210.228.154.133
674,Stefanie,Goneau,sgoneauip@prnewswire.com,Female,189.18.118.209
675,Dannie,Zanettini,dzanettiniiq@un.org,Female,75.39.148.135
676,Dita,Batcock,dbatcockir@bandcamp.com,Female,119.158.137.34
677,Mayor,Walles,mwallesis@admin.ch,Male,66.246.54.71
678,Jessi,Raithby,jraithbyit@zimbio.com,Female,175.134.205.151
679,Prissie,Calway,pcalwayiu@usa.gov,Female,9.23.99.23
680,Haywood,Ortiga,hortigaiv@list-manage.com,Male,165.124.155.193
681,Salvidor,Biggadike,sbiggadikeiw@cisco.com,Male,40.133.4.234
682,Shawn,Jewer,sjewerix@wunderground.com,Male,135.192.65.95
683,Sharleen,Roy,sroyiy@kickstarter.com,Female,7.80.247.148
684,Bess,Vinker,bvinkeriz@imdb.com,Female,21.19.201.90
685,Coretta,Wettern,cwetternj0@shop-pro.jp,Female,254.14.214.123
686,Tait,Hopfer,thopferj1@netlog.com,Male,40.148.96.41
687,Saw,Wing,swingj2@nydailynews.com,Male,130.102.188.168
688,Janina,Archdeckne,jarchdecknej3@dell.com,Female,61.248.61.162
689,Fletch,Strete,fstretej4@lycos.com,Male,147.92.131.122
690,Phil,Malser,pmalserj5@census.gov,Female,252.69.144.143
691,Cathie,Szimoni,cszimonij6@soup.io,Female,100.220.156.88
692,Katerine,Ragg,kraggj7@ask.com,Female,34.195.157.83
693,Saunder,Fawlks,sfawlksj8@homestead.com,Male,246.103.236.112
694,Jemmie,Coye,jcoyej9@liveinternet.ru,Female,40.247.2.80
695,Farlay,Rankmore,frankmoreja@jiathis.com,Male,217.120.209.192
696,Emilia,Galloway,egallowayjb@reverbnation.com,Female,110.109.76.161
697,Maxwell,Riseam,mriseamjc@amazonaws.com,Male,96.113.79.21
698,Creight,Coupar,ccouparjd@ftc.gov,Male,114.11.42.91
699,Stanleigh,Brackley,sbrackleyje@google.cn,Male,224.212.104.24
700,Becca,Matyas,bmatyasjf@japanpost.jp,Female,48.43.4.241
701,Randolf,Westgate,rwestgatejg@msu.edu,Male,96.97.101.103
702,Ruby,Kohtler,rkohtlerjh@go.com,Female,184.66.129.80
703,Jerald,Wratten,jwrattenji@sakura.ne.jp,Male,181.225.54.30
704,Kaile,Pyne,kpynejj@columbia.edu,Female,46.236.12.19
705,Pansy,Kittless,pkittlessjk@last.fm,Female,168.36.184.118
706,Lenette,Narrie,lnarriejl@nasa.gov,Female,207.138.59.170
707,Lindi,Slateford,lslatefordjm@cbc.ca,Female,56.15.28.125
708,Tiff,Enrigo,tenrigojn@deliciousdays.com,Female,16.14.3.109
709,Rodolfo,Gotcher,rgotcherjo@sakura.ne.jp,Male,238.87.168.218
710,Artemus,Overland,aoverlandjp@facebook.com,Male,61.64.66.130
711,Shalna,Andraud,sandraudjq@ezinearticles.com,Female,152.119.127.168
712,Honey,Gabbidon,hgabbidonjr@wp.com,Female,199.208.44.54
713,Kerwin,McCleverty,kmcclevertyjs@nasa.gov,Male,27.34.119.170
714,Rutherford,Kettleson,rkettlesonjt@yahoo.co.jp,Male,125.206.144.62
715,Rodolphe,Corteney,rcorteneyju@forbes.com,Male,15.57.18.207
716,Constantine,Winkett,cwinkettjv@foxnews.com,Male,181.163.125.150
717,Bax,Tully,btullyjw@dyndns.org,Male,65.185.159.109
718,Ddene,Braywood,dbraywoodjx@tiny.cc,Female,194.116.243.173
719,Yoshiko,Showler,yshowlerjy@si.edu,Female,110.99.47.53
720,Dur,Heeps,dheepsjz@unc.edu,Male,156.23.33.174
721,Christina,Bainbrigge,cbainbriggek0@google.pl,Female,48.203.96.224
722,Celeste,Robe,crobek1@blog.com,Female,13.182.20.46
723,Helene,Tollerfield,htollerfieldk2@devhub.com,Female,207.131.167.35
724,Dalli,Scedall,dscedallk3@webs.com,Male,210.250.77.29
725,Nils,Thornber,nthornberk4@home.pl,Male,132.52.69.61
726,Berke,Dorken,bdorkenk5@va.gov,Male,250.238.140.85
727,Rik,Mogridge,rmogridgek6@slate.com,Male,59.172.84.175
728,Jackqueline,Cutress,jcutressk7@zdnet.com,Female,186.246.171.177
729,Delora,Oughtright,doughtrightk8@squarespace.com,Female,248.94.136.167
730,Lorin,Van Hault,lvanhaultk9@fda.gov,Male,23.71.59.110
731,Lisa,Wainscoat,lwainscoatka@1688.com,Female,28.209.86.179
732,Howey,Ruddom,hruddomkb@nsw.gov.au,Male,52.67.148.176
733,Jody,Scothorne,jscothornekc@latimes.com,Male,224.105.45.65
734,Lorrin,Chaucer,lchaucerkd@toplist.cz,Female,249.18.157.157
735,Felipe,Buglass,fbuglasske@cbc.ca,Male,16.125.80.212
736,Matthias,Davidai,mdavidaikf@freewebs.com,Male,78.36.157.121
737,Sara,Adenot,sadenotkg@canalblog.com,Female,195.219.24.110
738,Brandea,Mayger,bmaygerkh@shareasale.com,Female,38.18.94.42
739,Kaela,Pick,kpickki@typepad.com,Female,67.31.114.133
740,Taddeusz,Winstanley,twinstanleykj@stanford.edu,Male,191.246.50.64
741,Morganne,Jickells,mjickellskk@virginia.edu,Female,246.248.222.239
742,Gaylord,Ciardo,gciardokl@sourceforge.net,Male,175.130.225.244
743,Morgana,Lampett,mlampettkm@nifty.com,Female,208.21.229.150
744,Derick,Philler,dphillerkn@spiegel.de,Male,142.253.81.216
745,Roana,Patel,rpatelko@dailymotion.com,Female,145.75.112.181
746,Dorris,Aisbett,daisbettkp@cdbaby.com,Female,221.246.133.3
747,Laurens,Dinnington,ldinningtonkq@eepurl.com,Male,177.104.214.60
748,Kev,Dogerty,kdogertykr@ycombinator.com,Male,220.55.89.18
749,Aloise,Manneville,amannevilleks@nps.gov,Female,187.214.124.240
750,Luisa,Basten,lbastenkt@flavors.me,Female,214.183.87.47
751,Claire,Hattersley,chattersleyku@barnesandnoble.com,Female,147.250.26.87
752,Vernon,Morville,vmorvillekv@liveinternet.ru,Male,241.166.207.241
753,Bel,Lafond,blafondkw@nba.com,Female,68.132.174.241
754,Flora,Filinkov,ffilinkovkx@economist.com,Female,89.247.92.42
755,Leta,Wauchope,lwauchopeky@hp.com,Female,153.39.34.111
756,Fielding,Bellon,fbellonkz@purevolume.com,Male,153.213.17.174
757,Mac,Fonso,mfonsol0@usa.gov,Male,146.26.83.171
758,Bernhard,Uzzell,buzzelll1@dell.com,Male,11.116.253.130
759,Rory,Huggill,rhuggilll2@jimdo.com,Female,22.106.247.7
760,Hall,Weatherley,hweatherleyl3@soundcloud.com,Male,5.110.162.39
761,Trevor,Wimp,twimpl4@weibo.com,Male,178.57.106.22
762,Vito,Slide,vslidel5@qq.com,Male,38.121.42.187
763,Dore,Chicchetto,dchicchettol6@lulu.com,Male,192.253.112.245
764,Elfrida,Willets,ewilletsl7@answers.com,Female,8.116.246.98
765,Tabbatha,Seggie,tseggiel8@unesco.org,Female,117.213.207.130
766,Vin,Hardwin,vhardwinl9@4shared.com,Male,174.177.80.203
767,Jessy,McCarrison,jmccarrisonla@umn.edu,Female,13.183.43.229
768,Georgetta,Huish,ghuishlb@paypal.com,Female,143.113.79.189
769,Sileas,Roxbee,sroxbeelc@360.cn,Female,241.28.255.74
770,Corissa,Bogie,cbogield@samsung.com,Female,182.212.86.10
771,Olenolin,McVane,omcvanele@webeden.co.uk,Male,255.84.43.102
772,Frayda,Cartlidge,fcartlidgelf@upenn.edu,Female,248.232.247.52
773,Idalia,Davidovics,idavidovicslg@seattletimes.com,Female,93.108.79.96
774,Kikelia,Teaz,kteazlh@nsw.gov.au,Female,187.195.219.15
775,Nanon,Polycote,npolycoteli@smugmug.com,Female,102.87.66.218
776,Keene,Rutter,krutterlj@behance.net,Male,106.72.199.133
777,Pooh,Dickings,pdickingslk@dot.gov,Male,5.207.135.65
778,Margot,Mora,mmorall@omniture.com,Female,34.134.55.184
779,Morse,Sproson,msprosonlm@patch.com,Male,224.143.96.80
780,Erhard,Lealle,elealleln@dagondesign.com,Male,134.55.144.155
781,Cherey,Pfaff,cpfafflo@ezinearticles.com,Female,134.18.71.41
782,Sascha,Sangar,ssangarlp@freewebs.com,Female,22.190.236.226
783,Guglielma,Fitzroy,gfitzroylq@topsy.com,Female,40.42.70.137
784,Dotti,Heikkinen,dheikkinenlr@behance.net,Female,80.121.210.177
785,Trixi,Chateau,tchateauls@blog.com,Female,124.36.233.228
786,Katleen,Copello,kcopellolt@so-net.ne.jp,Female,21.64.73.130
787,Eula,Sellors,esellorslu@va.gov,Female,241.95.161.158
788,Andrej,Fidoe,afidoelv@qq.com,Male,234.244.157.181
789,Lombard,Melarkey,lmelarkeylw@virginia.edu,Male,49.193.239.46
790,Corinna,Ouver,couverlx@people.com.cn,Female,75.125.215.102
791,Tallia,Blaxley,tblaxleyly@flavors.me,Female,128.178.24.101
792,Ogden,Donisthorpe,odonisthorpelz@apple.com,Male,179.215.54.37
793,Ashlie,Perillo,aperillom0@wunderground.com,Female,79.29.164.140
794,Griz,Swaisland,gswaislandm1@nymag.com,Male,57.149.163.111
795,Mychal,Cannan,mcannanm2@stumbleupon.com,Male,7.65.93.18
796,Camilla,Covey,ccoveym3@techcrunch.com,Female,20.250.99.151
797,Casey,Ianilli,cianillim4@lulu.com,Male,2.198.223.120
798,Gene,Klass,gklassm5@amazon.co.jp,Female,35.111.213.151
799,Reynold,Pragnell,rpragnellm6@a8.net,Male,123.153.229.189
800,Germain,Baleine,gbaleinem7@npr.org,Male,203.149.99.199
801,Rosamond,St. Paul,rstpaulm8@nifty.com,Female,240.120.71.140
802,Winifred,Drinkale,wdrinkalem9@usgs.gov,Female,184.145.91.101
803,Ryley,Haslum,rhaslumma@alibaba.com,Male,21.102.78.65
804,Oralie,Dullingham,odullinghammb@huffingtonpost.com,Female,99.143.107.102
805,Thomasa,Lewknor,tlewknormc@ca.gov,Female,38.32.79.104
806,Vivian,Kimmince,vkimmincemd@wikipedia.org,Female,248.237.227.95
807,Sancho,Pover,spoverme@php.net,Male,133.90.201.30
808,Natty,Shillabeer,nshillabeermf@smh.com.au,Female,198.12.225.127
809,Munroe,Rames,mramesmg@dailymail.co.uk,Male,142.105.236.180
810,Whittaker,Glidden,wgliddenmh@edublogs.org,Male,194.177.90.156
811,Samuel,McIlveen,smcilveenmi@flavors.me,Male,67.109.127.18
812,Luce,Whiteley,lwhiteleymj@google.cn,Male,39.52.97.232
813,Berte,Siflet,bsifletmk@livejournal.com,Female,38.224.228.192
814,Flemming,Lillecrap,flillecrapml@homestead.com,Male,227.5.134.245
815,Jade,Wansbury,jwansburymm@amazon.de,Female,254.115.53.216
816,Lindsey,Nobles,lnoblesmn@salon.com,Female,234.109.111.16
817,Ferne,Liffey,fliffeymo@ameblo.jp,Female,78.66.43.238
818,Daron,Davage,ddavagemp@cisco.com,Female,229.140.126.173
819,Farah,Evitt,fevittmq@miitbeian.gov.cn,Female,82.138.231.249
820,Barrie,Hearley,bhearleymr@nasa.gov,Male,183.36.184.1
821,Shelba,Potkins,spotkinsms@ucoz.ru,Female,235.201.51.137
822,Hugh,Brecon,hbreconmt@weebly.com,Male,173.117.13.28
823,Ilyse,Aluard,ialuardmu@list-manage.com,Female,69.189.119.201
824,Bernete,Feenan,bfeenanmv@seesaa.net,Female,166.32.146.68
825,Sullivan,Benallack,sbenallackmw@boston.com,Male,98.246.81.200
826,Ami,Gurdon,agurdonmx@japanpost.jp,Female,107.125.99.27
827,Alfie,Liggins,aligginsmy@umich.edu,Male,184.11.38.50
828,Uriel,Ladell,uladellmz@cam.ac.uk,Male,185.250.120.216
829,Bernardo,Perrington,bperringtonn0@skype.com,Male,11.159.43.100
830,Jervis,Gough,jgoughn1@cpanel.net,Male,180.5.96.86
831,Deane,O'Haire,dohairen2@networksolutions.com,Male,142.15.108.120
832,Lenci,Besemer,lbesemern3@netvibes.com,Male,141.83.140.212
833,Gabi,Bowkett,gbowkettn4@posterous.com,Male,223.92.53.56
834,Wilbur,Migheli,wmighelin5@buzzfeed.com,Male,139.39.237.90
835,Westleigh,Pickering,wpickeringn6@soundcloud.com,Male,125.168.107.227
836,Karalee,Santi,ksantin7@merriam-webster.com,Female,77.130.255.180
837,Lothario,Marquiss,lmarquissn8@shinystat.com,Male,98.83.82.101
838,Beverlee,Arlt,barltn9@usda.gov,Female,245.137.104.150
839,Justen,Balas,jbalasna@japanpost.jp,Male,169.161.124.169
840,Rianon,Willcock,rwillcocknb@hp.com,Female,30.24.210.38
841,Alberik,Hussy,ahussync@photobucket.com,Male,62.32.53.232
842,Casper,Dulwich,cdulwichnd@shareasale.com,Male,29.2.94.244
843,Urbanus,Moorey,umooreyne@privacy.gov.au,Male,182.51.38.110
844,Rikki,Swatland,rswatlandnf@dion.ne.jp,Male,195.155.207.33
845,Ramon,Kniveton,rknivetonng@google.fr,Male,8.54.185.186
846,Emmet,Gherardelli,egherardellinh@slashdot.org,Male,41.159.30.106
847,Crystal,Hicklingbottom,chicklingbottomni@harvard.edu,Female,245.12.55.35
848,Shelli,Nehls,snehlsnj@yale.edu,Female,250.188.138.96
849,Brandie,Boards,bboardsnk@spiegel.de,Female,44.199.199.40
850,Kaiser,Swale,kswalenl@oakley.com,Male,127.101.8.32
851,Ripley,Asbrey,rasbreynm@jigsy.com,Male,189.54.19.121
852,Ariel,Cockin,acockinnn@google.fr,Female,239.215.9.114
853,Dorine,Cadlock,dcadlockno@desdev.cn,Female,4.85.249.223
854,Laurel,Tomeo,ltomeonp@about.com,Female,168.197.134.134
855,Hubey,Ilyenko,hilyenkonq@ustream.tv,Male,138.31.126.27
856,Valina,Proughten,vproughtennr@google.fr,Female,245.133.253.95
857,Sandye,de Grey,sdegreyns@dot.gov,Female,169.175.1.50
858,Aeriell,Ennals,aennalsnt@theatlantic.com,Female,34.121.72.33
859,Angel,Bonick,abonicknu@weather.com,Male,122.11.123.79
860,Borg,Harbron,bharbronnv@cornell.edu,Male,249.8.42.226
861,Davida,Pointon,dpointonnw@photobucket.com,Female,65.76.53.46
862,Ada,Downgate,adowngatenx@odnoklassniki.ru,Female,134.182.166.146
863,Analiese,Gillings,agillingsny@earthlink.net,Female,76.228.80.148
864,Bernadette,Wickett,bwickettnz@whitehouse.gov,Female,226.217.79.11
865,Frannie,Cicchetto,fcicchettoo0@quantcast.com,Male,97.228.115.75
866,Avis,Dake,adakeo1@netscape.com,Female,169.112.41.211
867,Russell,Blaxley,rblaxleyo2@fc2.com,Male,144.115.81.60
868,Heath,Reinard,hreinardo3@nsw.gov.au,Male,18.189.21.115
869,Hill,Livzey,hlivzeyo4@intel.com,Male,22.16.69.61
870,Piotr,Watterson,pwattersono5@seattletimes.com,Male,201.191.215.247
871,Glendon,Roullier,groulliero6@360.cn,Male,143.49.187.115
872,Koressa,Towns,ktownso7@uol.com.br,Female,47.206.162.107
873,Zondra,Eastmond,zeastmondo8@mapquest.com,Female,115.237.89.26
874,Dalenna,Audritt,daudritto9@1688.com,Female,197.61.183.111
875,Ebeneser,Liddicoat,eliddicoatoa@businessweek.com,Male,144.76.254.25
876,Raychel,Brenard,rbrenardob@purevolume.com,Female,241.64.113.76
877,Heath,Exer,hexeroc@salon.com,Male,40.67.84.186
878,Alis,Bendin,abendinod@edublogs.org,Female,37.195.80.133
879,Eunice,Garham,egarhamoe@sourceforge.net,Female,254.74.195.230
880,Matias,Sleaford,msleafordof@wordpress.com,Male,55.128.192.110
881,Amelina,Losseljong,alosseljongog@friendfeed.com,Female,237.31.125.239
882,Leslie,Gane,lganeoh@sourceforge.net,Male,116.9.230.31
883,Marylynne,Vanstone,mvanstoneoi@umn.edu,Female,57.186.77.211
884,Abra,Semmens,asemmensoj@macromedia.com,Female,53.238.43.80
885,Hester,Tatters,htattersok@pagesperso-orange.fr,Female,131.138.221.74
886,Godfree,Joreau,gjoreauol@ft.com,Male,207.129.136.76
887,Natalee,Bernt,nberntom@psu.edu,Female,43.131.170.131
888,Odelle,Depke,odepkeon@google.com.au,Female,89.248.209.253
889,Wally,Shergill,wshergilloo@sciencedaily.com,Male,53.168.162.28
890,Charyl,Briiginshaw,cbriiginshawop@google.co.jp,Female,147.11.18.196
891,Harbert,Blethin,hblethinoq@bluehost.com,Male,213.225.227.130
892,Dunn,Fellini,dfellinior@trellian.com,Male,82.24.239.41
893,Carmine,Tregent,ctregentos@zdnet.com,Male,58.144.244.124
894,Lucian,Schaffel,lschaffelot@noaa.gov,Male,174.184.220.84
895,Nanci,Chaundy,nchaundyou@indiegogo.com,Female,184.169.194.40
896,Trever,Pumfrey,tpumfreyov@jalbum.net,Male,46.217.241.118
897,Kelila,Shakespeare,kshakespeareow@nasa.gov,Female,140.127.122.27
898,Sibyl,Sinkinson,ssinkinsonox@ucoz.ru,Female,164.228.225.227
899,Cordie,Kleinber,ckleinberoy@clickbank.net,Female,223.36.56.137
900,Reed,Ballin,rballinoz@barnesandnoble.com,Male,208.218.11.10
901,Brier,Pyffe,bpyffep0@toplist.cz,Female,213.212.17.19
902,Bette,Labrum,blabrump1@globo.com,Female,61.127.140.236
903,Angel,Radloff,aradloffp2@github.io,Male,3.219.0.23
904,Felizio,Winning,fwinningp3@homestead.com,Male,101.94.217.51
905,Urbano,Henric,uhenricp4@freewebs.com,Male,129.245.99.251
906,Noel,Arbor,narborp5@creativecommons.org,Male,94.222.58.175
907,Tanitansy,Carlisso,tcarlissop6@businessweek.com,Female,94.55.111.246
908,Tierney,Uman,tumanp7@sina.com.cn,Female,35.94.124.244
909,Kristan,Yitzovitz,kyitzovitzp8@storify.com,Female,36.209.65.39
910,Thurston,Cardinale,tcardinalep9@nytimes.com,Male,92.26.43.241
911,Niko,Brockett,nbrockettpa@naver.com,Male,120.180.60.75
912,Sancho,Furst,sfurstpb@t-online.de,Male,197.45.253.76
913,Elyse,Thody,ethodypc@cbsnews.com,Female,29.174.128.140
914,Cole,MacLese,cmaclesepd@imdb.com,Male,99.125.67.145
915,Hugibert,Couper,hcouperpe@instagram.com,Male,91.100.158.85
916,Claus,Behne,cbehnepf@latimes.com,Male,118.30.125.178
917,Reinaldo,Varga,rvargapg@chronoengine.com,Male,214.151.55.244
918,Vivia,Wimbush,vwimbushph@rediff.com,Female,236.159.141.247
919,Peter,Harkes,pharkespi@imgur.com,Male,141.129.241.78
920,Frants,Tinston,ftinstonpj@123-reg.co.uk,Male,157.226.159.223
921,Quillan,Winterbotham,qwinterbothampk@aboutads.info,Male,175.239.38.54
922,Montague,Ranvoise,mranvoisepl@msn.com,Male,70.145.14.233
923,Thomasina,Debenham,tdebenhampm@npr.org,Female,81.12.34.240
924,Judye,Rillatt,jrillattpn@noaa.gov,Female,199.20.165.56
925,Lucien,Siegertsz,lsiegertszpo@etsy.com,Male,188.94.104.74
926,Lem,Briggdale,lbriggdalepp@gravatar.com,Male,139.152.95.164
927,Tommie,Alenov,talenovpq@examiner.com,Female,17.231.251.9
928,Lanae,Iron,lironpr@utexas.edu,Female,100.97.242.14
929,Libbey,Grandham,lgrandhamps@msn.com,Female,71.246.96.18
930,Tadeo,Gennings,tgenningspt@pbs.org,Male,236.69.215.181
931,Cinda,Shilliday,cshillidaypu@sciencedaily.com,Female,44.192.96.174
932,Giacinta,Brownlee,gbrownleepv@wordpress.org,Female,11.86.214.53
933,Frasier,Orrocks,forrockspw@java.com,Male,253.113.20.67
934,Hastings,Andrick,handrickpx@samsung.com,Male,122.161.232.40
935,Erika,Brasse,ebrassepy@hud.gov,Female,202.81.244.12
936,Patrice,Seabrook,pseabrookpz@noaa.gov,Male,225.252.37.119
937,Liana,McBrearty,lmcbreartyq0@alibaba.com,Female,144.185.151.115
938,Koralle,Rampley,krampleyq1@de.vu,Female,9.215.148.237
939,Kynthia,McAsgill,kmcasgillq2@cargocollective.com,Female,231.58.34.120
940,Allistir,Mallord,amallordq3@house.gov,Male,106.39.115.41
941,Sigvard,Servante,sservanteq4@twitpic.com,Male,127.74.61.125
942,Padraic,De Lascy,pdelascyq5@icio.us,Male,148.106.188.76
943,Daniela,Stratley,dstratleyq6@dot.gov,Female,238.78.20.4
944,Ozzie,Gaunson,ogaunsonq7@japanpost.jp,Male,0.118.206.186
945,Neale,Outhwaite,nouthwaiteq8@npr.org,Male,238.163.41.27
946,Jeno,Futcher,jfutcherq9@nymag.com,Male,225.187.172.193
947,Jedd,Fausch,jfauschqa@mail.ru,Male,160.118.172.247
948,Franz,Cashin,fcashinqb@blogtalkradio.com,Male,115.156.112.183
949,Rubin,Kettle,rkettleqc@google.com.hk,Male,244.185.186.39
950,Aluino,Askie,aaskieqd@hp.com,Male,222.162.43.148
951,Lacey,Getcliff,lgetcliffqe@odnoklassniki.ru,Female,70.191.226.91
952,Jorie,Rubinek,jrubinekqf@senate.gov,Female,230.23.83.213
953,Juana,McIlvenny,jmcilvennyqg@ox.ac.uk,Female,204.7.152.77
954,Hillie,Eilers,heilersqh@spiegel.de,Male,76.199.92.109
955,Sosanna,Zealander,szealanderqi@domainmarket.com,Female,156.137.121.25
956,Reina,Partkya,rpartkyaqj@baidu.com,Female,158.77.179.224
957,Johnathon,Mattack,jmattackqk@diigo.com,Male,173.110.64.96
958,Sterne,Behagg,sbehaggql@gizmodo.com,Male,44.211.29.75
959,Almire,Marmion,amarmionqm@craigslist.org,Female,3.158.180.194
960,Brit,Dargue,bdargueqn@upenn.edu,Female,97.117.55.42
961,Brod,McAlarney,bmcalarneyqo@mashable.com,Male,219.127.195.178
962,Philip,Dauney,pdauneyqp@go.com,Male,197.111.102.63
963,Roselle,Kinchington,rkinchingtonqq@tmall.com,Female,221.65.115.31
964,Batholomew,Johnigan,bjohniganqr@unc.edu,Male,102.68.24.83
965,Chrisse,Robbs,crobbsqs@ucsd.edu,Male,160.159.130.248
966,Rosanne,Gingedale,rgingedaleqt@cpanel.net,Female,142.111.206.83
967,Lani,Gabala,lgabalaqu@skype.com,Female,220.220.34.85
968,Hanny,Bunson,hbunsonqv@histats.com,Female,27.28.201.2
969,Clerc,Portriss,cportrissqw@fotki.com,Male,22.132.15.251
970,Gasper,Hawkswell,ghawkswellqx@ovh.net,Male,182.190.190.42
971,Otha,Edyson,oedysonqy@usda.gov,Female,67.39.232.121
972,Kris,Sondland,ksondlandqz@cbsnews.com,Female,94.60.63.132
973,Aila,Trethowan,atrethowanr0@alexa.com,Female,177.10.254.141
974,Fancy,Dagon,fdagonr1@alexa.com,Female,187.232.139.87
975,Oliy,Justun,ojustunr2@canalblog.com,Female,19.209.209.147
976,Hobard,Vern,hvernr3@phoca.cz,Male,112.18.20.210
977,Ade,Wintour,awintourr4@marriott.com,Male,155.115.141.147
978,Mahala,Scamwell,mscamwellr5@narod.ru,Female,27.6.187.72
979,Liane,Cassley,lcassleyr6@so-net.ne.jp,Female,64.25.182.32
980,Lodovico,Collidge,lcollidger7@ycombinator.com,Male,231.105.107.145
981,Vallie,De Hooge,vdehooger8@amazonaws.com,Female,219.99.209.223
982,Ingra,Benardet,ibenardetr9@unblog.fr,Male,250.183.88.174
983,Bink,Chesnut,bchesnutra@joomla.org,Male,132.160.95.49
984,Horatia,Brahms,hbrahmsrb@boston.com,Female,131.74.112.215
985,Gussi,Ramsbottom,gramsbottomrc@lulu.com,Female,221.233.148.54
986,Webster,Birds,wbirdsrd@storify.com,Male,83.142.84.64
987,Archy,Edkins,aedkinsre@theglobeandmail.com,Male,223.129.58.45
988,Sarge,Ollis,sollisrf@nymag.com,Male,68.52.226.84
989,Brandtr,Bramford,bbramfordrg@stumbleupon.com,Male,86.50.74.12
990,Caspar,Claasen,cclaasenrh@drupal.org,Male,166.206.146.95
991,Morie,Hayhoe,mhayhoeri@phpbb.com,Male,31.65.58.32
992,Micah,Scotland,mscotlandrj@theglobeandmail.com,Male,85.128.113.106
993,Eddie,Fancourt,efancourtrk@about.me,Male,195.130.157.76
994,Georgette,Follett,gfollettrl@disqus.com,Female,152.58.255.20
995,Glenna,Attlee,gattleerm@nps.gov,Female,31.196.222.175
996,Dniren,Taill,dtaillrn@hud.gov,Female,125.115.43.217
997,Sunny,Diable,sdiablero@bandcamp.com,Male,206.166.153.10
998,Cherye,Proswell,cproswellrp@cbsnews.com,Female,249.100.160.64
999,Rickey,Bartocci,rbartoccirq@accuweather.com,Male,75.147.212.15
1000,Georgi,Shortland,gshortlandrr@lulu.com,Male,130.3.17.244
